FB1 花椰菜 青梗,FB9 花椰菜 進口,FC1 胡瓜 黑刺,FF1 絲瓜,FH4 扁蒲 梨子蒲,FI2 茄子 麻荸茄,FJ3 番茄 牛番茄,FK4 甜椒 彩色種,FL3 豌豆 豆莢,FQ1 毛豆 豆莢,FT1 南瓜 木瓜形,FV2 辣椒 青小,FM2 菜豆 青色,FW1 金針花
49.51275634765625,61.99198532104492,25.13137435913086,30.154712677001953,21.922977447509766,26.982486724853516,43.56727981567383,73.50106048583984,63.318477630615234,50.47370529174805,19.852088928222656,39.521690368652344,52.237709045410156,199.74119567871094
48.886356353759766,59.94154357910156,25.260257720947266,30.806739807128906,23.52704620361328,27.757396697998047,42.58866882324219,73.58306121826172,62.98978042602539,49.58515930175781,20.109619140625,54.66535568237305,49.74956512451172,200.94500732421875
48.616119384765625,59.94154357910156,24.5290584564209,30.277812957763672,22.25863265991211,27.402137756347656,42.71952438354492,72.99740600585938,62.68598556518555,47.30902099609375,23.159011840820312,48.96976089477539,47.875701904296875,196.63577270507812
47.25473403930664,61.350006103515625,24.39596939086914,29.07984161376953,22.45419692993164,27.44815444946289,41.47779083251953,70.02937316894531,62.94297409057617,49.648067474365234,21.801788330078125,38.70610809326172,44.05075454711914,198.83815002441406
46.152732849121094,58.92517852783203,17.188045501708984,29.37672996520996,22.79388999938965,22.86583709716797,39.083003997802734,73.86736297607422,63.987274169921875,50.50248336791992,21.5034236907959,43.89510726928711,43.11213302612305,200.51776123046875
47.14454650878906,61.38554763793945,16.211238861083984,28.630714416503906,23.052736282348633,25.367929458618164,38.790374755859375,74.7364501953125,63.06062698364258,51.76377868652344,19.29188346862793,44.737701416015625,57.30514907836914,199.12950134277344
46.81269454956055,60.11267852783203,24.003787994384766,28.95794105529785,21.371427536010742,23.935077667236328,44.14798355102539,74.46196746826172,63.007728576660156,45.78372573852539,20.61603546142578,58.1373405456543,60.036102294921875,197.03558349609375
46.09575271606445,63.201637268066406,22.9771728515625,28.686033248901367,22.965774536132812,23.8883056640625,39.573387145996094,75.38336944580078,62.72637176513672,49.16921615600586,19.405879974365234,34.94827651977539,59.36179733276367,200.96617126464844
47.320152282714844,58.25002670288086,14.613205909729004,28.952932357788086,22.920616149902344,23.210351943969727,39.07811737060547,72.66751098632812,66.2139663696289,48.43172073364258,18.78579330444336,40.3502082824707,52.903743743896484,201.7456512451172
46.7795524597168,58.5484504699707,19.046947479248047,28.696401596069336,23.306304931640625,23.48556900024414,40.579505920410156,74.92168426513672,64.66613006591797,49.30249786376953,18.93585968017578,44.16517639160156,47.021507263183594,200.39462280273438
49.395023345947266,58.52623748779297,22.489795684814453,28.95553207397461,23.18309783935547,26.162832260131836,39.9482421875,74.1996841430664,63.125518798828125,47.279090881347656,18.915695190429688,45.78122329711914,49.67604064941406,200.27716064453125
49.84196853637695,59.148502349853516,19.07352638244629,29.250839233398438,22.177988052368164,24.990528106689453,39.84318161010742,74.41761779785156,63.947898864746094,50.39577865600586,19.309844970703125,48.680423736572266,43.597042083740234,202.16079711914062
47.88423538208008,60.099853515625,21.00748062133789,29.53184700012207,23.29688262939453,26.184795379638672,39.4936637878418,76.02503967285156,63.54380416870117,50.6773681640625,19.799386978149414,53.92076110839844,58.163963317871094,200.9587860107422
47.792755126953125,58.28302001953125,25.226152420043945,29.05975341796875,22.969200134277344,27.492555618286133,38.019065856933594,74.3282470703125,67.10136413574219,47.446189880371094,21.46928596496582,44.36787414550781,49.15977096557617,199.4240264892578
47.57667922973633,58.360172271728516,19.636653900146484,29.880285263061523,23.415597915649414,25.813879013061523,41.39641189575195,75.38047790527344,67.64238739013672,45.189414978027344,19.76322364807129,47.50129699707031,44.400611877441406,202.90692138671875
47.263362884521484,62.386592864990234,26.293994903564453,29.546619415283203,23.209684371948242,28.163328170776367,38.319175720214844,75.88438415527344,70.24552917480469,45.740238189697266,21.247831344604492,50.62844467163086,60.657615661621094,201.28594970703125
47.33641815185547,59.358924865722656,23.32317543029785,29.618614196777344,22.284040451049805,28.064470291137695,39.04256820678711,75.96721649169922,72.13739013671875,42.35993957519531,18.804061889648438,48.42589569091797,59.25798797607422,191.2421875
45.52197265625,63.180423736572266,24.50853729248047,31.968812942504883,23.04983901977539,28.188488006591797,41.55230712890625,76.85462951660156,65.07206726074219,53.2355842590332,20.4696102142334,48.241458892822266,60.469032287597656,188.4419403076172
47.13446807861328,61.40083694458008,24.151599884033203,30.978757858276367,23.72876739501953,25.45105743408203,38.95243453979492,74.60684204101562,62.067344665527344,51.0764045715332,20.736387252807617,42.25761413574219,58.93379592895508,184.6875457763672
47.218223571777344,60.59169387817383,25.51677131652832,30.705659866333008,22.767961502075195,28.367551803588867,39.35799789428711,73.38786315917969,69.63349914550781,51.15837097167969,20.688121795654297,48.22669982910156,53.89301300048828,203.30455017089844
38.900474548339844,58.3050422668457,23.22389793395996,30.27191162109375,22.9990234375,25.937047958374023,41.415714263916016,76.41520690917969,69.73622131347656,51.096195220947266,18.99402618408203,43.82365417480469,48.32129669189453,188.74472045898438
47.09492492675781,58.41541290283203,24.306562423706055,30.084035873413086,24.034996032714844,25.32727813720703,41.44732666015625,74.4477767944336,69.1905746459961,49.061824798583984,20.632307052612305,47.03733444213867,59.23122787475586,159.10780334472656
35.472877502441406,70.13626861572266,21.93904685974121,30.671262741088867,21.487131118774414,29.312358856201172,43.84104537963867,76.451416015625,64.02766418457031,47.867496490478516,20.021913528442383,54.358245849609375,59.223976135253906,164.431396484375
46.76024627685547,60.57127380371094,23.86773681640625,31.703075408935547,22.283187866210938,24.440759658813477,43.6163330078125,77.8170166015625,68.09117889404297,51.27898406982422,20.105609893798828,48.7803840637207,58.927433013916016,166.5037841796875
46.43140411376953,58.63749694824219,22.31289291381836,31.442686080932617,23.07660675048828,21.479251861572266,50.417930603027344,75.97962951660156,64.46915435791016,47.99702835083008,19.863080978393555,50.729705810546875,53.72698974609375,200.41184997558594
42.4306755065918,58.90135192871094,28.18505859375,32.324222564697266,22.547136306762695,24.705976486206055,44.09568405151367,71.98528289794922,63.80077362060547,43.13640594482422,20.749534606933594,41.64117431640625,49.944339752197266,187.8611297607422
40.070899963378906,58.52623748779297,22.643142700195312,30.421390533447266,22.89911651611328,20.426116943359375,49.83203887939453,73.17522430419922,64.55474853515625,52.90550994873047,19.054136276245117,52.80439758300781,43.036285400390625,199.31890869140625
42.49174118041992,58.481849670410156,25.435714721679688,31.232648849487305,22.482677459716797,22.673572540283203,43.9974250793457,75.04325103759766,67.03295135498047,49.901702880859375,19.012603759765625,47.69568634033203,54.88109588623047,169.46481323242188
47.41538619995117,58.28302001953125,27.383365631103516,31.679738998413086,20.76212501525879,23.351797103881836,43.93589782714844,76.0763931274414,65.55049133300781,47.41852951049805,18.796581268310547,51.7102165222168,57.15262222290039,177.80227661132812
47.68675994873047,58.41541290283203,24.496423721313477,32.31954574584961,22.409908294677734,22.583969116210938,43.16339874267578,73.07435607910156,64.36597442626953,48.70401382446289,18.033477783203125,53.698509216308594,57.34651184082031,201.2996063232422
49.383846282958984,59.095787048339844,25.25216293334961,31.772235870361328,23.10452651977539,24.14000701904297,43.592681884765625,69.76215362548828,65.29844665527344,49.368492126464844,17.53805923461914,44.616371154785156,55.7559700012207,114.7701644897461
49.5163459777832,58.86075973510742,26.337270736694336,32.632720947265625,23.26922035217285,19.661006927490234,43.892520904541016,74.6754379272461,64.68729400634766,53.07188415527344,19.268417358398438,45.1234245300293,49.11610794067383,181.26351928710938
50.65742874145508,58.19512176513672,24.954668045043945,31.95419692993164,22.505876541137695,23.191965103149414,44.07147216796875,71.93246459960938,64.79222869873047,49.116119384765625,19.16667938232422,51.92337417602539,54.48409652709961,146.87344360351562
52.828086853027344,61.16033172607422,24.240732192993164,31.63207244873047,21.346012115478516,22.807632446289062,44.512413024902344,76.37681579589844,66.50054931640625,55.28622817993164,18.290380477905273,51.861236572265625,46.08409881591797,151.54600524902344
51.277259826660156,60.312381744384766,23.88913345336914,31.176010131835938,22.33216094970703,23.94921112060547,43.84357833862305,76.56383514404297,66.11182403564453,50.59220504760742,18.36228370666504,52.0600700378418,52.2242431640625,138.13938903808594
53.03819274902344,60.36910629272461,24.94009780883789,31.25438117980957,21.193456649780273,25.18341827392578,44.205413818359375,76.80039978027344,63.77899169921875,50.69811248779297,18.55589485168457,50.21214294433594,47.88180923461914,107.82359313964844
53.239933013916016,60.46440887451172,27.12900733947754,30.732667922973633,22.070972442626953,21.84394645690918,45.201629638671875,73.01952362060547,64.0138931274414,52.94263458251953,19.327041625976562,53.69776153564453,43.42211151123047,183.91123962402344
50.26239776611328,58.25002670288086,26.94810676574707,29.449769973754883,22.538373947143555,25.154159545898438,44.74742126464844,74.5439682006836,62.52424240112305,56.416114807128906,18.65093231201172,48.65440368652344,54.44920349121094,194.8815155029297
41.21739959716797,59.48584747314453,27.069732666015625,28.39999008178711,21.70567512512207,29.379976272583008,43.758785247802734,76.20463562011719,62.214744567871094,52.223388671875,19.325057983398438,42.84404754638672,55.93570327758789,196.25970458984375
51.11915969848633,68.4826889038086,26.60790252685547,28.523319244384766,22.886127471923828,28.479087829589844,43.386924743652344,75.50799560546875,61.76350021362305,48.772705078125,17.9068546295166,49.6767578125,56.68434143066406,201.16860961914062
52.467384338378906,63.721248626708984,26.798358917236328,28.153732299804688,23.221820831298828,25.36895751953125,44.46096420288086,75.13346862792969,64.72935485839844,50.43394088745117,18.241966247558594,51.268470764160156,52.745506286621094,204.5071563720703
52.897464752197266,63.554931640625,24.88487434387207,28.685380935668945,22.38524055480957,26.781356811523438,43.657283782958984,75.85660552978516,89.56037902832031,51.30745315551758,19.192888259887695,48.36457824707031,55.183074951171875,199.18496704101562
54.893341064453125,62.29512023925781,24.779985427856445,28.655250549316406,22.801239013671875,22.618152618408203,44.171875,76.62808227539062,70.6031494140625,54.22085189819336,18.25189971923828,46.84186553955078,45.938228607177734,158.3861846923828
54.23641586303711,58.29953384399414,24.53550148010254,29.344018936157227,22.490076065063477,26.411331176757812,45.67009735107422,74.8070068359375,71.90617370605469,54.882198333740234,18.040538787841797,47.70496368408203,58.116268157958984,199.12802124023438
45.26002883911133,59.304656982421875,26.944595336914062,29.233440399169922,21.123308181762695,28.170907974243164,43.29326629638672,74.07601165771484,72.00614166259766,54.68952560424805,18.004247665405273,46.67746353149414,65.55950927734375,174.01954650878906
48.44491958618164,64.17236328125,25.072980880737305,29.792194366455078,22.42991065979004,26.722442626953125,43.344058990478516,75.48119354248047,70.6461181640625,53.435726165771484,19.949886322021484,44.98078536987305,64.5302963256836,192.74595642089844
49.77815246582031,63.66006851196289,23.83003807067871,29.30821418762207,23.07554817199707,24.403257369995117,46.143829345703125,72.86943817138672,70.75812530517578,54.7817268371582,18.77876853942871,49.70025634765625,64.8843994140625,171.3772430419922
48.66593933105469,63.236019134521484,22.60971450805664,29.313444137573242,23.13789176940918,20.806106567382812,43.63742446899414,72.4836196899414,67.4824447631836,55.584381103515625,21.378328323364258,39.44676971435547,63.624046325683594,167.373291015625
52.200462341308594,70.2049560546875,26.12917137145996,29.728389739990234,23.367353439331055,25.269031524658203,50.60741424560547,76.57478332519531,64.76605987548828,56.288482666015625,19.86359977722168,47.63544464111328,57.54633712768555,166.03219604492188
48.121089935302734,64.35344696044922,29.09185028076172,30.399871826171875,23.47678565979004,21.98870277404785,43.30116271972656,74.207763671875,65.33464050292969,57.0702018737793,20.404577255249023,54.37710952758789,66.052001953125,190.92218017578125
48.39423370361328,69.52363586425781,23.89426040649414,29.973064422607422,22.177051544189453,28.11870002746582,43.337890625,72.38548278808594,68.25668334960938,54.749908447265625,19.737472534179688,53.139991760253906,65.92166900634766,184.0653076171875
52.6808967590332,68.52094268798828,25.152700424194336,30.810951232910156,23.430328369140625,26.49319839477539,43.560794830322266,74.30525970458984,68.91937255859375,55.565860748291016,21.92653465270996,50.847557067871094,63.686767578125,200.13372802734375
53.40206527709961,72.02008819580078,24.72543716430664,29.976238250732422,23.24718475341797,24.804948806762695,43.56098175048828,73.93174743652344,68.27499389648438,52.67513656616211,18.97393035888672,47.870567321777344,62.50212478637695,201.11209106445312
53.709930419921875,71.94694519042969,22.67538833618164,29.84192657470703,23.452770233154297,25.29821014404297,43.36946487426758,72.70310974121094,70.03742980957031,51.78233337402344,21.303712844848633,44.83154296875,61.021522521972656,185.3411865234375
55.20700454711914,62.54555892944336,26.30240249633789,30.293018341064453,23.00803565979004,25.590560913085938,44.171875,73.71123504638672,68.56307220458984,52.897647857666016,19.03157615661621,49.199466705322266,55.571922302246094,199.61373901367188
53.450172424316406,73.42408752441406,26.278459548950195,30.4823055267334,23.738405227661133,25.816240310668945,43.9407844543457,70.68055725097656,68.93838500976562,52.44732666015625,20.174312591552734,50.57273483276367,60.665645599365234,198.5
54.02668762207031,65.5562515258789,27.572765350341797,31.600021362304688,22.07883071899414,27.36655616760254,44.95027542114258,76.70771789550781,68.14241027832031,51.51668930053711,20.904983520507812,45.24104309082031,57.501895904541016,200.29405212402344
51.55983352661133,76.95084381103516,27.575336456298828,31.421497344970703,23.458276748657227,25.00529670715332,44.96731185913086,75.45825958251953,69.90693664550781,49.598609924316406,20.643829345703125,44.67905807495117,64.22297668457031,198.6504364013672
53.91661071777344,71.37203979492188,28.73076820373535,30.78958511352539,21.9078426361084,26.28402328491211,45.512474060058594,71.8855209350586,72.41668701171875,54.95328140258789,21.021358489990234,49.90947341918945,56.4056396484375,196.60748291015625
54.526771545410156,72.46682739257812,25.69063949584961,31.36221694946289,22.315549850463867,24.839584350585938,45.27671432495117,76.71591186523438,71.57618713378906,56.35006332397461,22.14917755126953,46.65187072753906,54.12318420410156,194.6715850830078
53.89902114868164,68.61572265625,25.63233757019043,31.7327823638916,22.000974655151367,29.43613624572754,45.055049896240234,76.0636978149414,69.71414184570312,56.07254409790039,24.05342674255371,43.27883529663086,65.80980682373047,200.83070373535156
53.2506103515625,75.9537353515625,28.187360763549805,31.55369758605957,22.559846878051758,30.123443603515625,45.045082092285156,75.6813735961914,63.92892074584961,55.72684097290039,21.634740829467773,58.25782012939453,62.61053466796875,197.72669982910156
53.29725646972656,72.98602294921875,28.515981674194336,33.09978485107422,22.80555534362793,29.210229873657227,45.21014404296875,74.92903900146484,67.00528717041016,53.14540100097656,22.00545883178711,53.854164123535156,65.53089904785156,199.56918334960938
54.12669372558594,80.59014892578125,29.136947631835938,32.665740966796875,22.49346923828125,27.857786178588867,44.83135223388672,75.89098358154297,67.17003631591797,55.682193756103516,22.591632843017578,51.39336013793945,63.374046325683594,199.31982421875
53.137916564941406,79.74331665039062,28.987369537353516,32.349002838134766,23.86248016357422,28.615238189697266,43.96200942993164,76.1402587890625,63.76523208618164,57.68916320800781,22.9886417388916,51.37080001831055,60.70888137817383,198.55020141601562
51.640438079833984,74.26380157470703,31.417037963867188,32.05768966674805,22.95970916748047,28.534709930419922,44.48234939575195,75.8325424194336,66.21107482910156,57.152896881103516,21.965517044067383,52.59907150268555,55.601341247558594,199.98361206054688
52.12678909301758,78.19474792480469,27.026350021362305,32.106441497802734,24.666278839111328,27.73076057434082,43.94476318359375,75.21817779541016,65.75655364990234,53.36016845703125,21.753023147583008,51.1765022277832,67.58116149902344,191.26551818847656
48.28557205200195,62.97481155395508,28.90842628479004,32.12758255004883,23.54649543762207,28.84954261779785,43.410037994384766,73.74151611328125,67.78363037109375,51.78105926513672,20.352638244628906,56.578819274902344,63.56458282470703,187.84503173828125
50.54093933105469,78.0455322265625,29.850234985351562,33.68198013305664,23.90538787841797,26.538331985473633,43.67045211791992,75.86873626708984,69.29322814941406,51.78923416137695,21.600509643554688,56.952980041503906,66.56261444091797,187.18197631835938
52.84928894042969,76.83283233642578,25.593204498291016,33.224456787109375,23.4727725982666,26.215675354003906,47.371639251708984,74.85259246826172,70.26594543457031,54.549495697021484,21.35276222229004,44.767879486083984,60.15325927734375,200.54574584960938
51.31026077270508,77.65946960449219,29.557222366333008,32.40170669555664,24.017990112304688,27.69092559814453,49.06853485107422,73.97584533691406,68.05986785888672,58.22382354736328,21.422500610351562,51.19624710083008,61.489158630371094,188.66793823242188
54.20575714111328,81.80081176757812,29.758804321289062,32.9794807434082,23.67303466796875,26.436147689819336,53.546775817871094,76.52931213378906,67.99161529541016,56.55289077758789,19.89108657836914,60.829307556152344,60.41896057128906,188.22003173828125
52.3851203918457,80.68082427978516,27.87903594970703,32.80025863647461,23.579755783081055,29.108322143554688,46.578330993652344,74.3104476928711,67.2158432006836,52.83704376220703,21.916505813598633,68.62433624267578,68.74057006835938,188.4877166748047
46.506858825683594,81.48519897460938,27.06256866455078,32.52748107910156,23.86181640625,28.045333862304688,45.42076110839844,73.29961395263672,68.83541107177734,53.72190475463867,19.580305099487305,56.98841094970703,68.26868438720703,187.9261932373047
46.74026870727539,79.20916748046875,24.22739601135254,32.965545654296875,24.532114028930664,28.963687896728516,44.2099723815918,72.69486999511719,67.88153076171875,52.5594596862793,22.80400276184082,58.26882553100586,72.80213165283203,198.48045349121094
50.111934661865234,82.70999145507812,26.340627670288086,32.92715835571289,23.766544342041016,29.31952667236328,41.831520080566406,73.70245361328125,67.4554214477539,53.87823486328125,21.176488876342773,55.961585998535156,66.2591323852539,198.9757080078125
44.09846115112305,82.44136047363281,25.030376434326172,32.39579391479492,24.30791664123535,34.291961669921875,42.72114181518555,68.48809814453125,68.82405853271484,59.08658218383789,22.05607795715332,63.52894973754883,67.91069030761719,183.27340698242188
47.61598587036133,80.3540267944336,20.605024337768555,32.098388671875,23.27079963684082,27.836061477661133,51.86150360107422,70.87301635742188,68.45088958740234,55.444190979003906,21.79250717163086,59.380374908447266,61.33863067626953,181.97967529296875
46.16156005859375,80.4156723022461,24.15770721435547,31.756731033325195,24.23493766784668,28.707626342773438,59.20948791503906,70.90604400634766,70.14787292480469,52.499725341796875,22.066455841064453,50.19479751586914,70.76132202148438,179.52346801757812
47.22138214111328,83.60962677001953,21.59836769104004,31.73020362854004,23.459245681762695,28.693145751953125,61.79400634765625,70.50338745117188,69.79113006591797,50.48908615112305,27.55604362487793,47.584590911865234,63.93292999267578,179.73846435546875
42.85848617553711,68.55209350585938,18.88521957397461,31.55315589904785,24.03799819946289,26.974706649780273,51.893409729003906,71.29972839355469,69.16654968261719,49.87377166748047,24.225526809692383,53.22880554199219,71.03857421875,185.97764587402344
43.81808853149414,66.76234436035156,24.39411163330078,31.403793334960938,23.111913681030273,29.167234420776367,55.008644104003906,71.00052642822266,63.11433792114258,54.30227279663086,23.082202911376953,54.31494140625,64.67854309082031,200.17205810546875
46.188621520996094,68.4686279296875,26.80111312866211,32.091529846191406,23.132761001586914,28.057334899902344,59.756961822509766,75.26439666748047,63.07475662231445,61.10877990722656,21.643882751464844,51.473670959472656,61.12227249145508,179.38307189941406
41.55839538574219,68.44943237304688,28.142505645751953,32.35825729370117,23.467008590698242,29.4959659576416,52.6744499206543,72.29998016357422,63.36639404296875,55.33091354370117,18.074554443359375,59.555850982666016,74.77455139160156,180.98245239257812
39.662147521972656,73.09638214111328,21.998960494995117,32.09187316894531,22.981191635131836,29.248151779174805,47.87894058227539,71.86410522460938,62.95930862426758,58.445465087890625,18.760021209716797,53.34928512573242,76.6267318725586,186.2362060546875
39.9226188659668,61.41408157348633,27.497156143188477,31.561954498291016,23.809782028198242,26.965251922607422,60.74217987060547,69.69283294677734,63.03063201904297,57.64040756225586,21.07415008544922,55.60126876831055,72.40266418457031,185.8931884765625
40.91706085205078,65.61740112304688,21.473546981811523,31.70538902282715,23.938552856445312,31.734447479248047,45.55241775512695,69.03965759277344,64.08782958984375,51.071903228759766,20.739490509033203,66.76335906982422,74.31584930419922,177.2241668701172
43.29524230957031,64.47369384765625,27.339696884155273,31.896623611450195,23.818220138549805,36.36579132080078,48.59403991699219,68.76104736328125,63.54171371459961,51.72109603881836,20.470796585083008,60.19465637207031,72.29834747314453,186.06517028808594
47.703285217285156,68.68006134033203,31.70392417907715,32.544891357421875,24.50950050354004,28.215341567993164,50.29234313964844,74.00251007080078,64.12291717529297,53.384796142578125,22.14415168762207,51.719730377197266,66.22430419921875,172.1524658203125
42.32493209838867,65.62767791748047,25.71907615661621,33.056697845458984,23.71184539794922,29.876554489135742,48.87314987182617,69.86027526855469,63.19365692138672,52.118812561035156,21.002763748168945,54.907901763916016,74.66686248779297,175.43606567382812
43.826168060302734,65.53462982177734,29.19203758239746,32.479331970214844,23.900554656982422,31.453161239624023,47.97923278808594,70.6402816772461,63.15487289428711,52.7609748840332,21.22345542907715,63.74347686767578,71.98246765136719,175.6663818359375
48.98566818237305,70.4345932006836,27.8951416015625,33.346534729003906,23.892255783081055,29.43906593322754,48.195526123046875,72.38994598388672,66.42691040039062,54.92119216918945,21.67069435119629,58.78948974609375,68.65614318847656,172.27149963378906
53.47959518432617,70.4345932006836,28.016700744628906,34.018585205078125,23.902313232421875,29.91561508178711,52.05060958862305,74.31060791015625,64.1137466430664,61.002254486083984,22.088096618652344,56.6502685546875,73.94293212890625,169.47755432128906
52.25663757324219,70.16912078857422,29.198345184326172,33.99742889404297,24.200651168823242,32.50228500366211,43.76962661743164,73.81279754638672,69.60503387451172,63.93843460083008,23.53302574157715,54.36663055419922,68.19422912597656,158.9916534423828
53.26121139526367,70.21126556396484,26.17681312561035,33.95409393310547,25.92622184753418,28.568063735961914,41.422950744628906,75.16560363769531,64.05905151367188,58.16965866088867,22.270221710205078,63.04010009765625,64.85868835449219,160.79632568359375
49.83812713623047,68.46379089355469,26.920677185058594,34.175132751464844,25.056211471557617,31.234764099121094,35.88498306274414,75.95172119140625,63.08100128173828,58.86107635498047,19.880455017089844,57.10578918457031,73.63007354736328,163.93572998046875
52.89755630493164,73.87678527832031,24.96427345275879,33.57355880737305,23.656368255615234,30.543861389160156,34.75011444091797,75.04019927978516,64.06196594238281,58.39488220214844,19.959749221801758,57.90653610229492,66.67105102539062,165.80401611328125
53.06299591064453,73.87344360351562,28.692848205566406,35.26084899902344,25.042570114135742,31.88192367553711,35.09046173095703,70.19642639160156,63.867801666259766,58.81314468383789,21.158971786499023,48.290855407714844,65.25399017333984,169.9959716796875
53.75856018066406,73.87040710449219,28.0662841796875,34.888919830322266,25.6441593170166,34.16252136230469,34.57526779174805,76.22950744628906,63.176788330078125,51.39736557006836,22.67229652404785,56.68071365356445,67.14263916015625,171.7784881591797
53.550384521484375,75.91613006591797,25.938405990600586,33.78563690185547,29.514537811279297,32.05876159667969,34.532745361328125,75.02925872802734,65.17291259765625,56.52031707763672,22.42049789428711,56.6553840637207,67.27665710449219,163.466064453125
55.041404724121094,80.22616577148438,27.968990325927734,34.911014556884766,30.595016479492188,28.831186294555664,34.402252197265625,76.53547668457031,66.35478973388672,58.00943374633789,22.775144577026367,50.42802810668945,65.3979721069336,163.01239013671875
54.070369720458984,78.27156829833984,28.355106353759766,33.828369140625,26.873241424560547,29.82708740234375,35.83919143676758,75.44473266601562,63.227500915527344,64.14997863769531,20.633392333984375,54.62167739868164,64.75943756103516,165.02618408203125
54.40993881225586,61.56538009643555,27.203487396240234,35.5383415222168,26.085926055908203,32.19004440307617,36.59880447387695,75.8103256225586,65.46765899658203,60.937110900878906,19.08023452758789,49.68074417114258,59.886295318603516,178.56842041015625
53.47642517089844,59.772560119628906,27.909503936767578,35.823883056640625,26.501361846923828,31.9873046875,37.95102310180664,77.71488189697266,63.10517501831055,59.90576934814453,20.255722045898438,41.732540130615234,66.42115783691406,182.14138793945312
54.064720153808594,63.14607620239258,27.535566329956055,35.82133865356445,26.14563751220703,34.9261474609375,39.49956130981445,77.21100616455078,64.24018859863281,63.07979965209961,19.916271209716797,46.52266311645508,63.78616714477539,182.2489471435547
53.05998229980469,61.24424743652344,28.323184967041016,35.5169677734375,26.071910858154297,32.6435661315918,40.79623794555664,77.36808776855469,63.040679931640625,64.63185119628906,20.091684341430664,52.877864837646484,66.63934326171875,187.52975463867188
52.14976501464844,61.493019104003906,28.62799072265625,35.68874740600586,26.35853385925293,32.708518981933594,44.107810974121094,78.15223693847656,64.12150573730469,64.35982513427734,18.935001373291016,54.901336669921875,69.76586151123047,181.020751953125
53.62693405151367,61.493019104003906,26.21146011352539,37.12010192871094,26.780014038085938,33.071800231933594,44.13134765625,78.52127838134766,64.0370864868164,63.14177703857422,18.070484161376953,54.9322509765625,65.96812438964844,191.3303680419922
53.683128356933594,61.86042404174805,27.58438491821289,37.66563415527344,31.643585205078125,34.64207458496094,43.8327522277832,78.0621337890625,63.859580993652344,64.68122863769531,18.599044799804688,55.08757400512695,61.8549690246582,192.33973693847656
53.24992752075195,61.56538009643555,26.643970489501953,35.93024444580078,28.801685333251953,32.03319549560547,42.546268463134766,77.28824615478516,62.934043884277344,57.439002990722656,18.459863662719727,53.10019302368164,62.43968963623047,190.058837890625
53.376075744628906,63.45326614379883,25.600433349609375,37.096824645996094,29.908187866210938,31.076913833618164,42.775352478027344,78.96568298339844,62.977394104003906,61.272422790527344,18.400726318359375,54.598487854003906,61.38510513305664,199.85284423828125
53.48841094970703,61.38554763793945,27.86273765563965,37.33708572387695,30.323917388916016,29.189685821533203,44.164573669433594,79.53321838378906,63.35137176513672,64.401611328125,19.326862335205078,48.77930450439453,58.376564025878906,200.4718017578125
54.615806579589844,61.78582763671875,28.580402374267578,37.571327209472656,31.458314895629883,31.907299041748047,44.88665771484375,77.86730194091797,64.65834045410156,63.834449768066406,18.02198600769043,55.918697357177734,69.65087127685547,196.00003051757812
55.55718231201172,63.12984085083008,27.322649002075195,36.28632736206055,27.230491638183594,32.98529815673828,45.24821090698242,78.6114501953125,63.20077896118164,63.135746002197266,18.200637817382812,51.84183883666992,63.74684524536133,199.5591583251953
55.25040817260742,59.814605712890625,27.376890182495117,36.42702865600586,33.09043884277344,32.93448257446289,44.866703033447266,78.60494995117188,63.08741760253906,63.615970611572266,18.989940643310547,54.73381423950195,70.59864044189453,198.94097900390625
54.8900032043457,59.814605712890625,26.9086971282959,36.22190475463867,30.17856788635254,31.90239143371582,44.87000274658203,79.43131256103516,63.51362228393555,62.765201568603516,18.969396591186523,58.348793029785156,64.33995056152344,200.177490234375
55.32746887207031,66.04991912841797,26.909257888793945,35.221763610839844,30.408302307128906,35.6357536315918,44.566139221191406,78.23602294921875,63.390445709228516,63.05177307128906,18.558422088623047,61.05405044555664,66.39844512939453,199.9949951171875
54.836971282958984,67.6934814453125,27.023988723754883,36.72285079956055,31.061687469482422,32.277835845947266,45.18086242675781,79.17333984375,63.04232406616211,64.54058074951172,18.186216354370117,42.596885681152344,64.82640075683594,202.02874755859375
55.437110900878906,69.94239044189453,27.32994842529297,33.888179779052734,28.616174697875977,29.580543518066406,43.28000259399414,78.59906005859375,62.815555572509766,62.38652420043945,17.473440170288086,57.31779479980469,70.03022766113281,196.7242431640625
53.81985092163086,62.992897033691406,27.2640380859375,36.189945220947266,25.856348037719727,32.44002151489258,44.04486083984375,78.00650024414062,63.02447509765625,62.77738571166992,18.065519332885742,48.75112533569336,65.12985229492188,199.15199279785156
54.70193862915039,70.11849212646484,26.81942367553711,35.01533126831055,25.114171981811523,31.23634910583496,43.80195617675781,77.03033447265625,63.6434440612793,60.58424377441406,18.576032638549805,45.80487060546875,61.92550277709961,195.15655517578125
54.76145553588867,60.3295783996582,25.342544555664062,34.40449142456055,26.501657485961914,31.79474639892578,41.47306442260742,78.79334259033203,63.19384765625,59.84175109863281,18.28811264038086,46.03144836425781,65.14263153076172,194.062255859375
50.48604965209961,59.772560119628906,26.76156234741211,33.85002517700195,27.639286041259766,33.13051986694336,39.481361389160156,78.63639068603516,63.35631561279297,62.98826217651367,18.509584426879883,55.90150833129883,73.84553527832031,192.52081298828125
50.94849395751953,70.54902648925781,27.16531753540039,35.03020477294922,25.086462020874023,28.575794219970703,39.061607360839844,78.17008209228516,62.7541389465332,61.39942169189453,18.28485679626465,53.041629791259766,70.00466918945312,195.08265686035156
46.5860595703125,74.70597839355469,26.570693969726562,34.708457946777344,24.450077056884766,32.79052734375,38.40996551513672,77.34534454345703,63.93812561035156,63.404720306396484,18.154741287231445,48.86130142211914,62.40805435180664,200.81333923339844
46.134521484375,68.05655670166016,26.263835906982422,33.88726043701172,26.153928756713867,33.181663513183594,41.07905197143555,75.45405578613281,64.62020111083984,60.98644256591797,18.577129364013672,60.04644775390625,63.80174255371094,199.4296417236328
48.11248016357422,71.86760711669922,25.639211654663086,32.705078125,25.374725341796875,33.81793212890625,43.06355285644531,77.70012664794922,65.87935638427734,60.37425994873047,18.062305450439453,54.73876953125,55.8634033203125,200.41598510742188
48.70462417602539,69.50935363769531,26.61833953857422,32.44575881958008,24.174148559570312,27.3549861907959,45.27828598022461,77.99302673339844,63.238521575927734,60.004066467285156,18.24868392944336,48.70478820800781,54.47247314453125,201.2736053466797
48.072227478027344,74.19410705566406,26.977954864501953,32.76685333251953,26.27936363220215,28.175748825073242,49.0662727355957,78.70744323730469,63.071533203125,59.87615966796875,18.229679107666016,54.06146240234375,63.50023651123047,199.40829467773438
49.02320098876953,75.91747283935547,26.83550262451172,32.46567916870117,27.10300064086914,29.788854598999023,53.37949752807617,79.35015869140625,62.959083557128906,56.89701461791992,18.230804443359375,43.24163055419922,53.55429458618164,199.35694885253906
48.114158630371094,72.2808609008789,22.377826690673828,31.035608291625977,26.25522804260254,26.690296173095703,73.91618347167969,78.66355895996094,64.29640197753906,58.731727600097656,18.3467960357666,49.9215202331543,67.21800994873047,198.3508758544922
51.14395523071289,72.25753021240234,23.000471115112305,31.002389907836914,24.562637329101562,23.83747673034668,50.939510345458984,77.27070617675781,62.845611572265625,58.238773345947266,18.059616088867188,46.45262908935547,66.00640869140625,200.93150329589844
49.95521545410156,62.10310363769531,18.137977600097656,29.77170753479004,25.843690872192383,29.647294998168945,53.433128356933594,77.59868621826172,62.66273498535156,54.7742805480957,18.06948471069336,48.24785614013672,53.72430419921875,196.66400146484375
46.32375717163086,71.92882537841797,18.777179718017578,28.59882926940918,24.87131118774414,33.11976623535156,35.42345428466797,72.24739074707031,63.881351470947266,57.38957977294922,26.869888305664062,54.28847885131836,74.6887435913086,185.60606384277344
46.903194427490234,70.42794036865234,23.204133987426758,30.297714233398438,24.460311889648438,26.093887329101562,46.81937026977539,77.53152465820312,64.08003997802734,58.0682373046875,18.843698501586914,48.764739990234375,65.4226303100586,189.41128540039062
44.764366149902344,70.10884094238281,18.374576568603516,30.471647262573242,25.986713409423828,29.414794921875,35.65432357788086,75.96454620361328,63.45611572265625,57.32370376586914,18.067211151123047,48.33818817138672,68.91213989257812,195.3821563720703
44.0483283996582,70.47517395019531,20.938270568847656,31.470449447631836,23.75619888305664,32.25807189941406,36.655460357666016,76.0480728149414,64.2343978881836,59.90587615966797,17.363121032714844,48.180809020996094,68.71917724609375,193.4754638671875
44.23352813720703,74.07719421386719,24.212257385253906,31.733177185058594,23.419782638549805,33.137821197509766,41.28141784667969,75.45372772216797,65.90470886230469,55.57511901855469,17.845394134521484,49.35905456542969,62.135154724121094,200.24942016601562
46.34636688232422,68.62890625,23.90346336364746,33.004737854003906,24.434736251831055,32.60287094116211,42.83906173706055,74.05921936035156,64.66681671142578,58.222415924072266,18.009286880493164,51.30857849121094,65.19900512695312,202.5955810546875
45.06471633911133,67.68536376953125,24.84914779663086,33.613224029541016,26.217336654663086,36.46897888183594,43.70569610595703,71.02542877197266,66.67927551269531,51.89714431762695,18.377229690551758,54.69911575317383,61.11272430419922,197.95681762695312
47.08173370361328,69.58171844482422,25.638042449951172,34.28351593017578,26.06914520263672,39.0089111328125,43.296173095703125,74.58767700195312,65.22566223144531,57.758914947509766,18.163572311401367,57.03251647949219,63.838314056396484,201.0441131591797
49.333404541015625,71.09122467041016,22.87002944946289,33.6574821472168,26.764314651489258,29.535505294799805,43.522037506103516,74.03411865234375,65.19754791259766,54.520076751708984,17.880035400390625,44.05730056762695,59.55415344238281,200.14913940429688
49.082393646240234,71.1805191040039,24.13861083984375,32.2969856262207,27.521347045898438,33.32912826538086,43.448795318603516,74.12472534179688,62.263450622558594,52.692413330078125,17.879287719726562,69.13172149658203,60.433963775634766,183.17727661132812
47.16864013671875,67.16012573242188,24.990434646606445,31.747365951538086,26.087739944458008,28.008424758911133,43.95994567871094,78.04444122314453,60.90565872192383,51.55126953125,17.934776306152344,48.2596435546875,70.61725616455078,200.23789978027344
45.251468658447266,70.19661712646484,25.869497299194336,31.945552825927734,25.072383880615234,30.119356155395508,43.57780456542969,77.00283813476562,61.602603912353516,53.29802703857422,17.241437911987305,44.8494873046875,79.01300048828125,194.48992919921875
43.176475524902344,67.6096420288086,26.146568298339844,32.03526306152344,22.50990104675293,33.505367279052734,43.38995361328125,76.98152923583984,62.33527374267578,51.097328186035156,17.14913558959961,43.83903121948242,77.92491149902344,199.85809326171875
43.35906219482422,68.08028411865234,24.922607421875,31.967655181884766,24.565670013427734,30.17234230041504,48.25509262084961,76.0107650756836,61.68070602416992,42.521156311035156,17.673818588256836,50.38223648071289,73.71031188964844,201.49752807617188
43.66283416748047,67.32881164550781,24.72516441345215,31.81308364868164,24.550737380981445,33.174129486083984,47.327415466308594,74.47702026367188,60.251102447509766,46.44019317626953,17.468168258666992,42.396705627441406,72.91108703613281,196.9365692138672
46.35795593261719,60.28287887573242,26.093231201171875,31.504961013793945,23.616586685180664,28.76910400390625,49.89691925048828,76.2671127319336,87.97889709472656,46.8690185546875,17.903953552246094,42.89917755126953,73.40921020507812,200.0462188720703
41.67866897583008,67.11225128173828,26.69862937927246,32.145896911621094,24.91244888305664,25.82929229736328,43.46430587768555,74.85428619384766,70.78248596191406,47.18701934814453,18.074260711669922,57.93665313720703,73.75379943847656,185.36080932617188
39.38527297973633,66.90705108642578,26.647491455078125,32.63559341430664,23.55797004699707,29.45453453063965,47.66874694824219,75.39700317382812,73.90547180175781,48.22380828857422,18.57857322692871,55.47789001464844,59.995052337646484,201.8428497314453
39.49220657348633,66.42963409423828,27.126283645629883,32.061614990234375,25.91368293762207,30.75202751159668,44.19538879394531,74.9270248413086,77.49740600585938,49.99081039428711,17.993206024169922,48.88472366333008,59.2936897277832,198.316162109375
44.87995147705078,67.87909698486328,26.889589309692383,33.00341796875,26.514278411865234,30.633743286132812,50.42871856689453,77.507568359375,70.16033172607422,48.597511291503906,18.14523696899414,53.98519515991211,51.39030838012695,195.50953674316406
46.884124755859375,59.847835540771484,27.524723052978516,32.762794494628906,25.285991668701172,33.554805755615234,48.974239349365234,77.12676239013672,67.33522033691406,49.290016174316406,17.700464248657227,54.6807861328125,56.505409240722656,201.27081298828125
50.231719970703125,73.85261535644531,26.605831146240234,31.654125213623047,26.272104263305664,33.528594970703125,49.131431579589844,76.74873352050781,64.09642028808594,49.290016174316406,17.786779403686523,49.682342529296875,63.99482727050781,174.58596801757812
42.79828643798828,76.57474517822266,27.661331176757812,32.50955581665039,24.787166595458984,34.324745178222656,48.0579719543457,75.50202941894531,63.86317825317383,48.61445236206055,17.338388442993164,49.720924377441406,61.538455963134766,186.95057678222656
37.630104064941406,75.91716766357422,27.87101173400879,31.15156364440918,25.447492599487305,35.868507385253906,42.05974578857422,73.5655288696289,68.33695220947266,52.34160232543945,17.966203689575195,46.78584671020508,70.67094421386719,191.426025390625
46.04786682128906,73.98075866699219,27.821077346801758,31.678728103637695,25.68452262878418,33.68560791015625,48.23979949951172,75.53069305419922,69.7825698852539,51.679298400878906,17.86332893371582,42.35710144042969,66.5907211303711,202.36514282226562
49.52626419067383,71.28231048583984,25.228816986083984,31.541696548461914,25.437862396240234,30.83191680908203,42.60646438598633,74.73542785644531,74.39978790283203,48.315460205078125,17.8477840423584,38.87668991088867,67.64544677734375,163.91566467285156
48.65391159057617,72.02212524414062,25.72806167602539,30.86545181274414,24.230979919433594,30.3377628326416,39.78920364379883,73.98519134521484,74.7545394897461,53.07435607910156,17.761404037475586,48.942569732666016,74.62016296386719,179.18243408203125
49.42300796508789,72.32598876953125,27.906795501708984,31.9312744140625,24.584415435791016,31.93263053894043,39.987850189208984,75.76532745361328,79.04439544677734,52.42127227783203,18.23520278930664,49.65443801879883,76.4793701171875,194.49380493164062
45.618186950683594,74.78286743164062,28.89818000793457,32.16544723510742,24.697338104248047,30.244251251220703,37.653480529785156,75.02623748779297,72.06285858154297,53.35265350341797,16.774246215820312,48.23870849609375,72.99846649169922,186.6570587158203
44.76770782470703,75.17330169677734,30.975088119506836,33.04405975341797,24.48705291748047,26.871164321899414,36.796478271484375,75.04631042480469,74.09115600585938,52.98050308227539,17.547321319580078,46.07929611206055,75.27275848388672,200.54730224609375
45.29074478149414,77.43521881103516,32.39842224121094,32.963138580322266,24.6641845703125,26.990863800048828,37.642913818359375,73.76341247558594,80.03532409667969,50.65324783325195,18.343599319458008,49.23738098144531,72.97782135009766,201.78631591796875
47.054718017578125,77.6653823852539,31.89227867126465,34.520626068115234,24.209671020507812,27.229412078857422,37.890777587890625,71.6781005859375,77.60694122314453,54.663150787353516,18.134090423583984,44.99330139160156,72.98360443115234,201.41302490234375
47.036617279052734,79.79254913330078,28.647905349731445,34.17315673828125,24.374164581298828,29.594877243041992,38.81852722167969,70.9209976196289,75.13775634765625,53.61630630493164,17.601774215698242,48.57424545288086,70.46505737304688,188.73719787597656
47.88349151611328,67.31281280517578,30.02922821044922,34.57681655883789,22.280899047851562,28.266082763671875,38.71805191040039,70.1196517944336,79.12848663330078,53.61630630493164,18.144371032714844,39.497581481933594,69.72006225585938,179.37478637695312
44.49317932128906,67.09202575683594,33.52118682861328,34.352134704589844,22.47759437561035,27.836904525756836,40.037113189697266,69.77088165283203,84.91529846191406,53.326454162597656,18.062341690063477,40.285831451416016,70.80451965332031,195.50953674316406
43.81074523925781,71.20586395263672,32.9107551574707,34.31992721557617,23.97169303894043,28.201030731201172,41.18562316894531,71.0430679321289,75.22061157226562,53.29667282104492,16.92812156677246,43.731971740722656,65.29959869384766,188.73719787597656
43.94358825683594,74.32635498046875,33.942344665527344,35.99232864379883,24.789398193359375,28.378379821777344,42.8349494934082,71.69954681396484,78.56755828857422,53.983272552490234,18.250423431396484,48.535804748535156,67.17046356201172,171.30758666992188
43.61725616455078,72.86174774169922,33.44308853149414,34.76378631591797,25.413034439086914,25.617095947265625,43.09674835205078,71.09545135498047,73.21463012695312,54.12059783935547,19.835290908813477,45.24930191040039,70.87796020507812,199.2134246826172
44.273162841796875,76.38272094726562,32.01691436767578,33.7868766784668,24.793439865112305,26.494646072387695,43.78908920288086,74.85157012939453,74.8008804321289,53.17277526855469,17.259044647216797,46.86557388305664,77.78397369384766,158.87254333496094
45.39625549316406,71.4770736694336,31.663799285888672,33.43828582763672,25.013195037841797,28.256683349609375,44.94091796875,74.07437896728516,72.02369689941406,52.15599060058594,16.708433151245117,42.2767448425293,70.96094512939453,160.5442352294922
41.876930236816406,73.25486755371094,31.719369888305664,32.6575813293457,24.887222290039062,27.129301071166992,44.87267303466797,74.78877258300781,63.463661193847656,53.38798522949219,17.27941131591797,41.27692413330078,76.2708969116211,199.04254150390625
44.841434478759766,76.34882354736328,29.563316345214844,33.046356201171875,24.77932357788086,27.243974685668945,48.27242660522461,75.35678100585938,65.10564422607422,53.38798522949219,17.47681999206543,46.54926300048828,77.43324279785156,199.04254150390625
41.80027389526367,77.3028793334961,31.777048110961914,32.13002014160156,25.02454376220703,28.162622451782227,44.816654205322266,72.01527404785156,65.28086853027344,53.603660583496094,18.370452880859375,45.409706115722656,81.8777847290039,198.8340301513672
42.20254135131836,75.36640930175781,27.230186462402344,31.582998275756836,23.01996421813965,27.523162841796875,44.766448974609375,71.00881958007812,78.95211791992188,55.377437591552734,17.522003173828125,51.205955505371094,72.48805236816406,199.06051635742188
43.53417205810547,73.97702026367188,26.41413116455078,30.816953659057617,22.831357955932617,26.327049255371094,43.2036247253418,71.83955383300781,69.40000915527344,52.71187973022461,17.836532592773438,42.999916076660156,71.32718658447266,174.23236083984375
40.42258071899414,75.2652587890625,23.7585391998291,32.11553192138672,23.68243408203125,28.340160369873047,39.72922134399414,71.74824523925781,64.63326263427734,53.54991149902344,18.676942825317383,40.44728088378906,83.80509948730469,165.94509887695312
39.954917907714844,75.04676818847656,22.424415588378906,29.534198760986328,23.032230377197266,26.252540588378906,37.299354553222656,69.66889190673828,65.45565032958984,54.83358383178711,18.465625762939453,43.9334831237793,82.02859497070312,162.5120391845703
39.50802993774414,74.52655029296875,21.7821102142334,29.256793975830078,24.171091079711914,26.900239944458008,37.71681213378906,72.17169952392578,65.60848999023438,54.03855895996094,17.760101318359375,47.47296905517578,84.71769714355469,165.6479949951172
41.549072265625,73.99955749511719,27.13200569152832,28.93052101135254,24.62955665588379,25.172574996948242,37.951297760009766,72.88752746582031,63.17867660522461,55.51879119873047,19.816539764404297,45.05522918701172,82.57969665527344,163.44888305664062
43.601715087890625,75.42700958251953,22.832195281982422,28.538503646850586,23.839244842529297,28.097599029541016,35.889949798583984,70.31085205078125,63.47749328613281,55.51879119873047,18.376020431518555,43.981292724609375,82.44231414794922,181.97349548339844
45.276248931884766,68.52864837646484,22.848773956298828,29.140884399414062,23.748926162719727,28.2191104888916,44.37602233886719,73.86766815185547,63.48167419433594,56.40449523925781,18.407451629638672,45.29939651489258,75.35962677001953,197.80812072753906
40.803070068359375,73.19747161865234,19.701183319091797,30.327526092529297,23.890073776245117,26.113361358642578,36.61072540283203,77.26115417480469,64.5107650756836,57.43092346191406,18.423738479614258,47.05229187011719,83.03297424316406,198.929443359375
41.81012725830078,76.4402847290039,26.426679611206055,30.939556121826172,23.558094024658203,27.572933197021484,35.669429779052734,75.25344848632812,63.69866943359375,58.105674743652344,17.94558334350586,44.878807067871094,76.330322265625,198.65609741210938
41.39045715332031,77.7879638671875,24.869619369506836,29.99775505065918,24.34902572631836,25.03537368774414,33.872432708740234,75.48394775390625,64.272216796875,58.25471115112305,18.454059600830078,48.89527130126953,79.02008056640625,196.87635803222656
41.87913131713867,75.31674194335938,24.892669677734375,29.779584884643555,24.192323684692383,24.582584381103516,33.771827697753906,75.22956848144531,69.1249771118164,58.22862243652344,18.019899368286133,49.954261779785156,74.2840805053711,194.9946746826172
41.74972915649414,71.94694519042969,20.725276947021484,30.748044967651367,24.6817626953125,23.54159927368164,33.80616760253906,72.81182861328125,63.709354400634766,56.1132926940918,17.92914390563965,44.77769470214844,73.77316284179688,195.9121856689453
41.826908111572266,71.94694519042969,24.53898811340332,31.46376609802246,24.74199676513672,24.057695388793945,35.26459884643555,75.50291442871094,66.52906799316406,58.33671188354492,18.616893768310547,45.444549560546875,75.4464111328125,185.6812286376953
40.73838424682617,71.9493408203125,25.776931762695312,32.92333221435547,23.616594314575195,31.190326690673828,33.50648498535156,74.53756713867188,65.85990905761719,57.56462478637695,18.857019424438477,53.60052490234375,67.68655395507812,189.3433074951172
43.74835968017578,66.96051025390625,25.684446334838867,32.585723876953125,24.09650421142578,26.13054847717285,35.12173843383789,75.441650390625,65.2688217163086,55.57147979736328,18.647525787353516,41.19805145263672,54.72223663330078,181.06472778320312
39.43989181518555,70.15310668945312,26.373863220214844,34.09678268432617,24.229488372802734,26.440032958984375,35.05538558959961,73.70751190185547,63.576026916503906,59.279136657714844,18.843957901000977,43.83491134643555,72.0073471069336,184.87887573242188
39.07281494140625,71.94091033935547,25.511808395385742,34.80757522583008,23.402334213256836,27.325115203857422,35.652061462402344,75.30337524414062,63.41063690185547,62.071842193603516,17.92940330505371,47.63283920288086,67.99851989746094,170.1492156982422
42.504432678222656,73.87055969238281,25.932252883911133,35.11595153808594,24.156028747558594,29.738449096679688,35.922332763671875,75.7982406616211,62.670440673828125,59.31885528564453,19.098413467407227,50.42020797729492,65.96027374267578,164.1624755859375
38.99321365356445,85.65399169921875,27.965131759643555,34.992061614990234,24.353248596191406,29.886226654052734,35.076454162597656,74.58036041259766,65.39825439453125,60.96741485595703,19.496593475341797,53.47786331176758,76.96805572509766,152.9991455078125
38.53603744506836,87.11911010742188,25.75733757019043,34.746707916259766,24.300565719604492,32.49908447265625,34.53366470336914,73.78514099121094,63.30179214477539,59.122520446777344,20.304244995117188,51.15065383911133,73.3829345703125,155.884765625
37.80517578125,78.13119506835938,29.11894416809082,34.874149322509766,24.992225646972656,31.554393768310547,33.754302978515625,72.87455749511719,64.09774780273438,58.93675231933594,19.999969482421875,44.048702239990234,71.54151916503906,151.25518798828125
39.49094772338867,59.730655670166016,27.615596771240234,34.3502082824707,24.588871002197266,26.498859405517578,34.18571853637695,72.39737701416016,62.791053771972656,60.98808288574219,22.000673294067383,38.735252380371094,71.08184814453125,158.6697540283203
38.573822021484375,62.99876022338867,24.58346939086914,33.69216537475586,24.609838485717773,29.23884391784668,33.85020065307617,74.16730499267578,62.48931121826172,61.31521987915039,20.26137924194336,50.53762435913086,67.27967834472656,163.18521118164062
40.78214645385742,79.59495544433594,23.521726608276367,32.200042724609375,24.058528900146484,27.052663803100586,34.04386901855469,73.84829711914062,63.174251556396484,59.4890251159668,22.21895408630371,36.98252487182617,65.65682220458984,162.60154724121094
38.411773681640625,58.77867126464844,23.43390464782715,32.61748504638672,24.30039405822754,24.863475799560547,33.823402404785156,74.28793334960938,63.23381423950195,50.44151306152344,22.694236755371094,45.7613525390625,70.7744140625,142.44625854492188
37.269161224365234,62.004398345947266,22.985565185546875,31.11534881591797,22.57101821899414,26.78034019470215,33.78455352783203,75.88843536376953,63.8614616394043,59.61491775512695,23.22441864013672,50.72319030761719,73.58099365234375,161.60096740722656
37.37587356567383,73.8702163696289,26.261871337890625,31.862022399902344,23.360328674316406,28.298099517822266,35.61029052734375,75.97586822509766,63.181190490722656,59.57894515991211,21.946332931518555,50.83396911621094,70.85546112060547,150.36404418945312
37.42583084106445,58.77867126464844,22.064590454101562,31.107439041137695,23.328235626220703,20.679018020629883,37.769630432128906,76.83419036865234,65.16622161865234,59.34748840332031,23.326793670654297,46.542057037353516,66.95436096191406,149.08566284179688
37.27021789550781,73.8702163696289,23.241622924804688,31.669818878173828,23.63616180419922,23.80811309814453,35.50401306152344,73.7788314819336,64.34488677978516,60.67289352416992,22.417699813842773,41.81352996826172,64.55457305908203,147.22979736328125
40.02406311035156,62.292877197265625,20.870954513549805,31.76194953918457,24.214269638061523,24.302091598510742,34.65542221069336,75.64927673339844,63.29114532470703,58.81267166137695,20.779983520507812,49.533119201660156,60.40544509887695,170.28305053710938
40.484474182128906,78.52085876464844,19.2843074798584,31.214492797851562,23.992155075073242,23.802135467529297,33.822914123535156,74.8310546875,62.39140701293945,59.59040832519531,21.700084686279297,54.81005859375,68.45538330078125,152.79837036132812
43.74704360961914,80.51270294189453,23.58294105529785,30.404436111450195,23.16689682006836,23.737895965576172,33.772804260253906,75.9055404663086,63.047874450683594,60.658424377441406,22.352540969848633,47.217308044433594,65.42935180664062,166.56289672851562
45.757572174072266,80.50141143798828,23.330833435058594,30.8173770904541,24.003467559814453,23.533309936523438,33.16185760498047,77.3067398071289,62.40573501586914,60.45393753051758,23.541967391967773,42.38662338256836,72.33904266357422,165.68490600585938
39.052772521972656,82.9827880859375,23.570140838623047,31.58751678466797,23.0828800201416,24.312692642211914,33.39701843261719,76.1761474609375,64.97211456298828,61.259132385253906,22.16758918762207,54.94453048706055,64.63301086425781,162.32373046875
43.30918884277344,59.64311599731445,23.28025245666504,32.930908203125,23.50055694580078,25.102584838867188,33.59131622314453,76.04792022705078,65.2962417602539,58.33274841308594,22.0582218170166,47.37677764892578,58.48100280761719,158.9326171875
40.693485260009766,59.4604377746582,25.455793380737305,33.21230697631836,23.24354362487793,25.941829681396484,33.63560104370117,74.65269470214844,68.33885955810547,60.356361389160156,22.010602951049805,42.507911682128906,63.22260284423828,168.67733764648438
37.41969299316406,58.92517852783203,22.679054260253906,33.50895690917969,22.145641326904297,23.707534790039062,33.8923454284668,73.29338073730469,65.6169204711914,59.973602294921875,23.86411476135254,49.13045883178711,63.01065444946289,162.0850067138672
38.72850799560547,67.54051208496094,25.97946548461914,32.91963577270508,23.141517639160156,22.49260902404785,33.951927185058594,73.26578521728516,61.3322868347168,55.29718780517578,23.989994049072266,49.74884796142578,64.21155548095703,163.43527221679688
37.50261306762695,72.69539642333984,23.774887084960938,33.32062530517578,22.822710037231445,21.974124908447266,33.6820068359375,72.69099426269531,61.41668701171875,57.61327362060547,22.447479248046875,42.55181884765625,62.758644104003906,168.8891143798828
36.286033630371094,63.824371337890625,25.344635009765625,32.91090774536133,23.786670684814453,25.14504051208496,33.92406463623047,71.24452209472656,61.50862121582031,59.594879150390625,22.026575088500977,50.18381881713867,59.43418884277344,178.06573486328125
37.49150848388672,63.9215202331543,23.382694244384766,31.98504638671875,23.520559310913086,26.160686492919922,37.297203063964844,71.02630615234375,61.73339080810547,61.234130859375,21.353477478027344,50.62226104736328,52.11048126220703,163.9559326171875
35.397132873535156,66.39144897460938,21.325111389160156,31.863933563232422,24.13866424560547,26.944154739379883,34.810699462890625,75.0914306640625,64.672119140625,62.37682342529297,25.108667373657227,49.225975036621094,68.69934844970703,193.30868530273438
35.8617057800293,58.8273811340332,24.907320022583008,31.956480026245117,23.391904830932617,24.402347564697266,34.919654846191406,73.03509521484375,71.04032135009766,57.38384246826172,25.37696075439453,51.92558670043945,73.65098571777344,185.8573455810547
35.825401306152344,58.8273811340332,26.84599494934082,31.187726974487305,24.259157180786133,24.860008239746094,37.12343978881836,74.26240539550781,84.79655456542969,59.19511032104492,23.954301834106445,51.271751403808594,71.58493041992188,192.53822326660156
37.3759765625,61.7180290222168,22.875112533569336,30.116764068603516,24.71381187438965,23.532705307006836,34.56916809082031,76.60616302490234,67.66524505615234,60.1738395690918,28.890846252441406,45.65727996826172,67.97626495361328,185.48208618164062
36.9955940246582,61.34822463989258,24.02099609375,29.140247344970703,24.458778381347656,25.864444732666016,34.45660400390625,75.81352996826172,64.66924285888672,63.63574981689453,27.727092742919922,42.40169906616211,62.97706985473633,190.56024169921875
38.76179122924805,58.92517852783203,25.002878189086914,29.415054321289062,23.625532150268555,27.088926315307617,35.804752349853516,74.76663208007812,65.88247680664062,62.171363830566406,27.413532257080078,45.67573547363281,53.97418975830078,195.77117919921875
36.83495330810547,71.92882537841797,27.536584854125977,29.339969635009766,23.453433990478516,26.00064468383789,35.0440788269043,72.68621826171875,71.07807922363281,60.7761344909668,27.870162963867188,48.55636978149414,67.89598083496094,190.86781311035156
35.506805419921875,78.1277847290039,23.87476921081543,29.550445556640625,23.37771224975586,24.570579528808594,35.65224838256836,74.58857727050781,68.86759185791016,61.422542572021484,25.702219009399414,53.8718376159668,69.39466094970703,195.9355010986328
45.95990753173828,58.77867126464844,30.81264305114746,29.465757369995117,24.045549392700195,25.482837677001953,35.08916091918945,74.21857452392578,66.04177856445312,62.58285903930664,28.67327117919922,49.20780563354492,66.7110595703125,198.0437774658203
46.81633758544922,67.30955505371094,31.180347442626953,30.723417282104492,23.10140609741211,26.967660903930664,35.84129333496094,74.75265502929688,66.03852844238281,63.638614654541016,29.19717788696289,54.63772964477539,62.05956268310547,200.02902221679688
47.41987228393555,75.93184661865234,31.01267433166504,30.870819091796875,23.531450271606445,30.529991149902344,38.084381103515625,75.61538696289062,72.31652069091797,61.23594665527344,27.974138259887695,53.138545989990234,56.49502182006836,198.31698608398438
48.70927047729492,69.7142562866211,26.589778900146484,32.6753044128418,23.754676818847656,29.081846237182617,37.23258590698242,76.52326965332031,71.50901794433594,59.98496627807617,27.49276351928711,56.48237991333008,47.81907272338867,200.5562286376953
49.31843566894531,66.74766540527344,28.89691925048828,33.29185104370117,23.845964431762695,26.4548282623291,36.81114196777344,76.37218475341797,76.46189880371094,61.136966705322266,29.961585998535156,54.58026123046875,50.869483947753906,199.74122619628906
50.76608657836914,72.3039321899414,31.318214416503906,33.1368522644043,23.444551467895508,23.95393180847168,34.83473205566406,76.56123352050781,73.91566467285156,61.73213577270508,32.481353759765625,40.931793212890625,49.12725067138672,175.91563415527344
51.86299133300781,72.719970703125,28.652761459350586,32.40937042236328,24.26298713684082,23.25433921813965,34.52033615112305,75.6524887084961,68.68632507324219,59.80050277709961,32.54010009765625,31.300085067749023,58.2062873840332,181.886962890625
43.79041290283203,73.00081634521484,27.84613800048828,32.492923736572266,23.177509307861328,26.32904624938965,35.0831184387207,75.25791931152344,65.44239044189453,62.446876525878906,29.693225860595703,39.774879455566406,54.05409622192383,184.64346313476562
42.186302185058594,59.6005744934082,26.22145652770996,30.9359130859375,23.674964904785156,25.585193634033203,35.05461120605469,76.92130279541016,68.89854431152344,63.13176345825195,30.303573608398438,40.57503128051758,49.739585876464844,198.21949768066406
41.06917953491211,66.38438415527344,22.380207061767578,29.110963821411133,23.278636932373047,21.475887298583984,34.40685272216797,75.2629623413086,73.31285858154297,63.46419906616211,25.014585494995117,45.7365608215332,56.88833999633789,194.14549255371094
35.82364273071289,62.008827209472656,20.82319450378418,27.348438262939453,22.411378860473633,20.08395004272461,33.98924255371094,73.68678283691406,69.88406372070312,63.95927429199219,20.85226821899414,48.86859130859375,56.32557678222656,191.5364990234375
34.76322937011719,61.05916976928711,20.104007720947266,28.15682601928711,23.3575439453125,18.09848403930664,34.47346878051758,71.62020111083984,71.0272445678711,62.04127883911133,19.801721572875977,38.925933837890625,61.1840934753418,194.0790252685547
34.416038513183594,65.19591522216797,17.38243865966797,27.727947235107422,23.549346923828125,19.3829402923584,33.95553970336914,72.4576416015625,63.729652404785156,64.41962432861328,20.626283645629883,41.965911865234375,59.07150650024414,193.7876434326172
33.89190673828125,61.879669189453125,19.703693389892578,26.69749641418457,23.15021324157715,22.92059898376465,33.81632995605469,74.36421203613281,64.28943634033203,62.5345573425293,19.168798446655273,52.666404724121094,52.701904296875,199.42893981933594
